GEOID1,GEOID,HD01_VD01,HD01_VD02,Ratio
1400000US,4001942600,268,92,0.34
1400000US,4001942700,853,307,0.36
1400000US,4001944000,1083,377,0.35
1400000US,4001944100,959,383,0.4
1400000US,4001944201,815,341,0.42
1400000US,4001944202,697,310,0.44
1400000US,4001944300,1189,419,0.35
1400000US,4001944901,645,238,0.37
1400000US,4001944902,847,389,0.46
1400000US,4001945001,954,261,0.27
1400000US,4001945002,663,211,0.32
1400000US,4001945100,440,136,0.31
1400000US,4001970200,1131,52,0.05
1400000US,4001970300,782,197,0.25
1400000US,4001970501,1043,109,0.1
1400000US,4001970502,1036,70,0.07
1400000US,4003000100,410,44,0.11
1400000US,4003000201,842,50,0.06
1400000US,4003000202,1022,236,0.23
1400000US,4003000203,753,88,0.12
1400000US,4003000301,1076,290,0.27
1400000US,4003000302,1209,92,0.08
1400000US,4003000303,1047,122,0.12
1400000US,4003000400,620,78,0.13
1400000US,4003000500,826,87,0.11
1400000US,4003000600,860,176,0.2
1400000US,4003000700,1048,349,0.33
1400000US,4003000800,908,158,0.17
1400000US,4003000901,500,223,0.45
1400000US,4003000902,456,201,0.44
1400000US,4003001000,250,66,0.26
1400000US,4003001100,915,199,0.22
1400000US,4003001200,726,176,0.24
1400000US,4003001300,1384,241,0.17
1400000US,4003001401,619,70,0.11
1400000US,4003001402,229,0,0
1400000US,4003001501,751,75,0.1
1400000US,4003001502,975,268,0.27
1400000US,4003001601,1494,249,0.17
1400000US,4003001602,792,125,0.16
1400000US,4003001701,947,111,0.12
1400000US,4003001702,876,223,0.25
1400000US,4003001703,1203,20,0.02
1400000US,4003001800,3011,144,0.05
1400000US,4003001900,2152,59,0.03
1400000US,4003002001,1585,278,0.18
1400000US,4003002002,1489,60,0.04
1400000US,4003002100,1675,110,0.07
1400000US,4005000100,943,38,0.04
1400000US,4005000200,723,38,0.05
1400000US,4005000300,1546,339,0.22
1400000US,4005000400,1286,124,0.1
1400000US,4005000500,838,84,0.1
1400000US,4005000600,1451,39,0.03
1400000US,4005000700,874,62,0.07
1400000US,4005000800,552,93,0.17
1400000US,4005000900,1443,107,0.07
1400000US,4005001000,105,50,0.48
1400000US,4005001101,1022,76,0.07
1400000US,4005001102,1625,273,0.17
1400000US,4005001200,567,23,0.04
1400000US,4005001301,1366,53,0.04
1400000US,4005001302,1436,95,0.07
1400000US,4005001500,870,37,0.04
1400000US,4005001600,977,108,0.11
1400000US,4005001700,987,212,0.21
1400000US,4005002000,474,61,0.13
1400000US,4005002100,1788,291,0.16
1400000US,4005002200,2057,143,0.07
1400000US,4005002300,1267,65,0.05
1400000US,4005942201,754,190,0.25
1400000US,4005942202,711,253,0.36
1400000US,4005944900,1007,272,0.27
1400000US,4005945000,941,355,0.38
1400000US,4005945100,779,196,0.25
1400000US,4005945200,1064,243,0.23
1400000US,4007000100,774,25,0.03
1400000US,4007000200,604,36,0.06
1400000US,4007000301,1760,117,0.07
1400000US,4007000302,876,140,0.16
1400000US,4007000400,1326,81,0.06
1400000US,4007000500,1496,191,0.13
1400000US,4007000600,287,40,0.14
1400000US,4007000700,532,72,0.14
1400000US,4007000800,355,52,0.15
1400000US,4007000900,789,143,0.18
1400000US,4007001000,1425,334,0.23
1400000US,4007001100,1006,143,0.14
1400000US,4007001200,1179,102,0.09
1400000US,4007001300,283,46,0.16
1400000US,4007940200,404,182,0.45
1400000US,4007940400,1132,443,0.39
1400000US,4009940500,733,264,0.36
1400000US,4009961100,1028,221,0.21
1400000US,4009961201,671,82,0.12
1400000US,4009961202,1006,160,0.16
1400000US,4009961300,761,155,0.2
1400000US,4009961400,1113,65,0.06
1400000US,4009961500,1131,152,0.13
1400000US,4009961600,303,41,0.14
1400000US,4009961700,924,97,0.1
1400000US,4011960100,735,82,0.11
1400000US,4011960200,909,23,0.03
1400000US,4011960300,785,127,0.16
1400000US,4012020100,740,52,0.07
1400000US,4012020201,424,92,0.22
1400000US,4012020202,215,4,0.02
1400000US,4012020501,608,45,0.07
1400000US,4012020502,1593,57,0.04
1400000US,4012020602,353,0,0
1400000US,4012940200,657,91,0.14
1400000US,4012940300,1074,319,0.3
1400000US,4012980000,0,0,#DIV/0!
1400000US,4013010101,1794,46,0.03
1400000US,4013010102,1600,177,0.11
1400000US,4013030401,1686,71,0.04
1400000US,4013030402,1289,64,0.05
1400000US,4013040502,1244,92,0.07
1400000US,4013040506,1693,74,0.04
1400000US,4013040507,1768,44,0.02
1400000US,4013040512,649,26,0.04
1400000US,4013040513,1060,8,0.01
1400000US,4013040514,1054,18,0.02
1400000US,4013040515,1330,137,0.1
1400000US,4013040516,1623,59,0.04
1400000US,4013040517,1974,198,0.1
1400000US,4013040518,1989,130,0.07
1400000US,4013040519,1813,62,0.03
1400000US,4013040520,1335,28,0.02
1400000US,4013040521,1891,79,0.04
1400000US,4013040522,1562,84,0.05
1400000US,4013040523,1223,77,0.06
1400000US,4013040524,590,15,0.03
1400000US,4013040525,1378,52,0.04
1400000US,4013040526,796,52,0.07
1400000US,4013040527,1194,85,0.07
1400000US,4013040528,2409,60,0.02
1400000US,4013040529,1175,17,0.01
1400000US,4013040530,944,42,0.04
1400000US,4013040531,1053,99,0.09
1400000US,4013050603,1183,141,0.12
1400000US,4013050604,847,123,0.15
1400000US,4013050605,2038,142,0.07
1400000US,4013050606,2465,201,0.08
1400000US,4013050607,1797,209,0.12
1400000US,4013050608,1885,262,0.14
1400000US,4013050609,1334,70,0.05
1400000US,4013050610,2364,232,0.1
1400000US,4013050611,1249,31,0.02
1400000US,4013050701,1334,158,0.12
1400000US,4013050702,1019,143,0.14
1400000US,4013060801,1248,325,0.26
1400000US,4013060802,599,83,0.14
1400000US,4013060901,1208,150,0.12
1400000US,4013060902,724,241,0.33
1400000US,4013060903,1147,249,0.22
1400000US,4013060904,793,151,0.19
1400000US,4013061009,2708,145,0.05
1400000US,4013061010,1451,90,0.06
1400000US,4013061011,1511,57,0.04
1400000US,4013061012,2133,118,0.06
1400000US,4013061013,1406,37,0.03
1400000US,4013061014,1646,51,0.03
1400000US,4013061015,1426,50,0.04
1400000US,4013061016,1542,42,0.03
1400000US,4013061017,0,0,#DIV/0!
1400000US,4013061018,1688,35,0.02
1400000US,4013061019,991,24,0.02
1400000US,4013061020,976,47,0.05
1400000US,4013061021,504,18,0.04
1400000US,4013061022,2563,351,0.14
1400000US,4013061023,2783,203,0.07
1400000US,4013061024,455,56,0.12
1400000US,4013061025,2497,91,0.04
1400000US,4013061026,1388,116,0.08
1400000US,4013061027,1337,36,0.03
1400000US,4013061028,750,102,0.14
1400000US,4013061029,1289,100,0.08
1400000US,4013061030,2015,27,0.01
1400000US,4013061031,1164,77,0.07
1400000US,4013061032,1631,135,0.08
1400000US,4013061033,1666,121,0.07
1400000US,4013061034,1689,127,0.08
1400000US,4013061035,1853,85,0.05
1400000US,4013061036,909,43,0.05
1400000US,4013061037,1178,104,0.09
1400000US,4013061038,1194,70,0.06
1400000US,4013061039,1105,151,0.14
1400000US,4013061040,1058,87,0.08
1400000US,4013061041,1050,50,0.05
1400000US,4013061042,686,94,0.14
1400000US,4013061043,601,37,0.06
1400000US,4013061044,1903,64,0.03
1400000US,4013061045,1583,14,0.01
1400000US,4013061046,1478,174,0.12
1400000US,4013061047,884,65,0.07
1400000US,4013061100,446,19,0.04
1400000US,4013061200,1318,523,0.4
1400000US,4013061300,425,91,0.21
1400000US,4013061401,473,177,0.37
1400000US,4013061402,1142,429,0.38
1400000US,4013071503,1348,67,0.05
1400000US,4013071504,1002,0,0
1400000US,4013071505,1797,81,0.05
1400000US,4013071506,1236,42,0.03
1400000US,4013071509,1376,101,0.07
1400000US,4013071510,1105,10,0.01
1400000US,4013071511,983,71,0.07
1400000US,4013071512,1557,33,0.02
1400000US,4013071513,450,20,0.04
1400000US,4013071514,1105,92,0.08
1400000US,4013071515,941,31,0.03
1400000US,4013071516,659,17,0.03
1400000US,4013071517,1025,42,0.04
1400000US,4013071600,863,195,0.23
1400000US,4013071701,623,54,0.09
1400000US,4013071702,760,76,0.1
1400000US,4013071801,1271,111,0.09
1400000US,4013071802,957,67,0.07
1400000US,4013071903,1680,103,0.06
1400000US,4013071906,1237,171,0.14
1400000US,4013071909,883,45,0.05
1400000US,4013071910,1595,147,0.09
1400000US,4013071911,766,36,0.05
1400000US,4013071912,558,107,0.19
1400000US,4013071913,1204,140,0.12
1400000US,4013071914,739,109,0.15
1400000US,4013071915,727,101,0.14
1400000US,4013082002,1630,157,0.1
1400000US,4013082007,999,155,0.16
1400000US,4013082008,1224,369,0.3
1400000US,4013082009,1133,247,0.22
1400000US,4013082010,890,306,0.34
1400000US,4013082012,1550,104,0.07
1400000US,4013082016,601,48,0.08
1400000US,4013082017,1008,112,0.11
1400000US,4013082018,1194,179,0.15
1400000US,4013082019,670,8,0.01
1400000US,4013082020,1158,85,0.07
1400000US,4013082021,507,31,0.06
1400000US,4013082022,1110,101,0.09
1400000US,4013082023,1285,75,0.06
1400000US,4013082024,1055,189,0.18
1400000US,4013082025,629,65,0.1
1400000US,4013082026,1339,107,0.08
1400000US,4013082027,1006,120,0.12
1400000US,4013082028,884,190,0.21
1400000US,4013082203,2369,266,0.11
1400000US,4013082204,1400,156,0.11
1400000US,4013082205,1351,207,0.15
1400000US,4013082206,936,26,0.03
1400000US,4013082207,685,70,0.1
1400000US,4013082208,594,140,0.24
1400000US,4013082209,641,106,0.17
1400000US,4013082210,1287,144,0.11
1400000US,4013082211,1258,82,0.07
1400000US,4013083000,1760,352,0.2
1400000US,4013092305,986,118,0.12
1400000US,4013092306,1611,185,0.11
1400000US,4013092307,1389,217,0.16
1400000US,4013092308,1317,148,0.11
1400000US,4013092309,1278,173,0.14
1400000US,4013092311,540,142,0.26
1400000US,4013092312,1043,160,0.15
1400000US,4013092401,995,245,0.25
1400000US,4013092402,696,122,0.18
1400000US,4013092500,1003,152,0.15
1400000US,4013092600,720,476,0.66
1400000US,4013092705,919,102,0.11
1400000US,4013092708,458,93,0.2
1400000US,4013092709,1139,50,0.04
1400000US,4013092710,1051,69,0.07
1400000US,4013092711,716,124,0.17
1400000US,4013092712,1314,123,0.09
1400000US,4013092713,1072,186,0.17
1400000US,4013092715,986,211,0.21
1400000US,4013092716,867,140,0.16
1400000US,4013092717,1140,332,0.29
1400000US,4013092718,803,273,0.34
1400000US,4013092719,970,79,0.08
1400000US,4013092720,1208,63,0.05
1400000US,4013092721,787,25,0.03
1400000US,4013092723,906,56,0.06
1400000US,4013092724,812,96,0.12
1400000US,4013092801,1134,549,0.48
1400000US,4013092802,1177,389,0.33
1400000US,4013092900,594,238,0.4
1400000US,4013093001,1095,294,0.27
1400000US,4013093002,982,370,0.38
1400000US,4013093101,989,215,0.22
1400000US,4013093104,1031,479,0.46
1400000US,4013093105,1111,497,0.45
1400000US,4013093106,929,304,0.33
1400000US,4013093200,602,110,0.18
1400000US,4013103205,761,16,0.02
1400000US,4013103206,662,0,0
1400000US,4013103207,728,5,0.01
1400000US,4013103208,1015,91,0.09
1400000US,4013103209,1363,47,0.03
1400000US,4013103210,1408,146,0.1
1400000US,4013103211,1079,21,0.02
1400000US,4013103212,1193,44,0.04
1400000US,4013103214,1163,40,0.03
1400000US,4013103215,852,62,0.07
1400000US,4013103216,1312,24,0.02
1400000US,4013103217,1718,67,0.04
1400000US,4013103219,774,6,0.01
1400000US,4013103220,740,27,0.04
1400000US,4013103302,1462,320,0.22
1400000US,4013103303,774,47,0.06
1400000US,4013103304,1244,403,0.32
1400000US,4013103305,613,164,0.27
1400000US,4013103306,918,339,0.37
1400000US,4013103400,1058,136,0.13
1400000US,4013103501,823,95,0.12
1400000US,4013103502,1543,120,0.08
1400000US,4013103604,984,131,0.13
1400000US,4013103605,1682,47,0.03
1400000US,4013103606,1157,85,0.07
1400000US,4013103607,1223,59,0.05
1400000US,4013103608,1012,86,0.08
1400000US,4013103609,1023,90,0.09
1400000US,4013103611,1418,65,0.05
1400000US,4013103612,1402,13,0.01
1400000US,4013103614,860,92,0.11
1400000US,4013103615,979,414,0.42
1400000US,4013103701,1158,143,0.12
1400000US,4013103702,797,26,0.03
1400000US,4013103900,1301,201,0.15
1400000US,4013104000,1748,379,0.22
1400000US,4013104100,1561,214,0.14
1400000US,4013104202,1315,87,0.07
1400000US,4013104203,1667,178,0.11
1400000US,4013104204,817,45,0.06
1400000US,4013104205,1100,89,0.08
1400000US,4013104206,1010,171,0.17
1400000US,4013104207,1043,83,0.08
1400000US,4013104212,1450,104,0.07
1400000US,4013104214,557,25,0.04
1400000US,4013104215,882,112,0.13
1400000US,4013104216,1300,77,0.06
1400000US,4013104217,1172,95,0.08
1400000US,4013104218,759,52,0.07
1400000US,4013104219,793,37,0.05
1400000US,4013104221,1612,217,0.13
1400000US,4013104222,1579,196,0.12
1400000US,4013104223,481,26,0.05
1400000US,4013104224,1397,143,0.1
1400000US,4013104225,952,63,0.07
1400000US,4013104226,1138,69,0.06
1400000US,4013104227,484,69,0.14
1400000US,4013104301,837,168,0.2
1400000US,4013104302,747,186,0.25
1400000US,4013104401,879,74,0.08
1400000US,4013104402,570,163,0.29
1400000US,4013104501,713,327,0.46
1400000US,4013104502,1121,406,0.36
1400000US,4013104600,817,183,0.22
1400000US,4013104701,419,153,0.37
1400000US,4013104702,834,327,0.39
1400000US,4013104801,929,61,0.07
1400000US,4013104802,1535,17,0.01
1400000US,4013104900,1121,20,0.02
1400000US,4013105002,966,49,0.05
1400000US,4013105003,1289,91,0.07
1400000US,4013105004,1037,22,0.02
1400000US,4013105101,1284,28,0.02
1400000US,4013105102,1137,40,0.04
1400000US,4013105103,995,52,0.05
1400000US,4013105200,1476,249,0.17
1400000US,4013105300,1203,226,0.19
1400000US,4013105400,1041,30,0.03
1400000US,4013105501,579,178,0.31
1400000US,4013105502,481,207,0.43
1400000US,4013105503,646,164,0.25
1400000US,4013105601,855,308,0.36
1400000US,4013105602,1291,476,0.37
1400000US,4013105701,768,132,0.17
1400000US,4013105702,950,160,0.17
1400000US,4013105800,1511,255,0.17
1400000US,4013105900,1099,278,0.25
1400000US,4013106001,379,143,0.38
1400000US,4013106002,531,159,0.3
1400000US,4013106003,942,229,0.24
1400000US,4013106100,1193,33,0.03
1400000US,4013106200,928,11,0.01
1400000US,4013106300,885,40,0.05
1400000US,4013106400,654,29,0.04
1400000US,4013106501,688,106,0.15
1400000US,4013106502,748,81,0.11
1400000US,4013106600,955,9,0.01
1400000US,4013106701,792,288,0.36
1400000US,4013106702,311,28,0.09
1400000US,4013106703,528,38,0.07
1400000US,4013106801,906,392,0.43
1400000US,4013106802,820,99,0.12
1400000US,4013106900,1607,300,0.19
1400000US,4013107000,1677,293,0.17
1400000US,4013107101,967,326,0.34
1400000US,4013107102,1250,494,0.4
1400000US,4013107201,399,294,0.74
1400000US,4013107202,1098,369,0.34
1400000US,4013107300,1383,506,0.37
1400000US,4013107400,1453,369,0.25
1400000US,4013107500,841,16,0.02
1400000US,4013107601,554,132,0.24
1400000US,4013107602,603,71,0.12
1400000US,4013107700,817,43,0.05
1400000US,4013107800,700,51,0.07
1400000US,4013107900,933,49,0.05
1400000US,4013108000,892,17,0.02
1400000US,4013108100,536,18,0.03
1400000US,4013108200,866,36,0.04
1400000US,4013108301,809,109,0.13
1400000US,4013108302,556,18,0.03
1400000US,4013108400,1001,133,0.13
1400000US,4013108501,453,49,0.11
1400000US,4013108502,736,61,0.08
1400000US,4013108601,441,131,0.3
1400000US,4013108602,995,169,0.17
1400000US,4013108802,392,71,0.18
1400000US,4013108901,553,183,0.33
1400000US,4013108902,956,378,0.4
1400000US,4013109001,1020,444,0.44
1400000US,4013109002,875,351,0.4
1400000US,4013109003,1047,473,0.45
1400000US,4013109101,737,207,0.28
1400000US,4013109102,1069,271,0.25
1400000US,4013109200,689,292,0.42
1400000US,4013109300,957,307,0.32
1400000US,4013109400,1501,614,0.41
1400000US,4013109500,1195,161,0.13
1400000US,4013109601,1189,277,0.23
1400000US,4013109602,1392,542,0.39
1400000US,4013109603,1129,263,0.23
1400000US,4013109604,898,303,0.34
1400000US,4013109701,2026,759,0.37
1400000US,4013109702,1130,349,0.31
1400000US,4013109703,674,220,0.33
1400000US,4013109704,551,152,0.28
1400000US,4013109705,392,102,0.26
1400000US,4013109801,937,318,0.34
1400000US,4013109802,988,150,0.15
1400000US,4013109900,1434,584,0.41
1400000US,4013110001,768,180,0.23
1400000US,4013110002,704,260,0.37
1400000US,4013110100,1273,565,0.44
1400000US,4013110400,902,46,0.05
1400000US,4013110501,578,38,0.07
1400000US,4013110502,523,43,0.08
1400000US,4013110600,919,71,0.08
1400000US,4013110701,447,65,0.15
1400000US,4013110702,868,141,0.16
1400000US,4013110801,1155,362,0.31
1400000US,4013110802,421,53,0.13
1400000US,4013110901,747,176,0.24
1400000US,4013110902,951,271,0.28
1400000US,4013111000,988,58,0.06
1400000US,4013111100,1016,56,0.06
1400000US,4013111201,1242,226,0.18
1400000US,4013111202,449,171,0.38
1400000US,4013111203,270,79,0.29
1400000US,4013111204,403,0,0
1400000US,4013111300,1280,152,0.12
1400000US,4013111401,923,286,0.31
1400000US,4013111402,1012,183,0.18
1400000US,4013111501,380,220,0.58
1400000US,4013111502,1217,280,0.23
1400000US,4013111601,637,71,0.11
1400000US,4013111602,928,303,0.33
1400000US,4013111700,965,195,0.2
1400000US,4013111800,815,29,0.04
1400000US,4013111900,562,26,0.05
1400000US,4013112100,684,340,0.5
1400000US,4013112201,824,147,0.18
1400000US,4013112202,843,155,0.18
1400000US,4013112301,1046,429,0.41
1400000US,4013112302,1455,505,0.35
1400000US,4013112401,1239,362,0.29
1400000US,4013112402,1172,220,0.19
1400000US,4013112502,1177,242,0.21
1400000US,4013112503,1838,576,0.31
1400000US,4013112504,938,294,0.31
1400000US,4013112505,1860,692,0.37
1400000US,4013112507,548,287,0.52
1400000US,4013112508,514,173,0.34
1400000US,4013112509,2530,764,0.3
1400000US,4013112510,1052,114,0.11
1400000US,4013112511,1849,195,0.11
1400000US,4013112512,293,100,0.34
1400000US,4013112513,1919,315,0.16
1400000US,4013112514,1125,174,0.15
1400000US,4013112601,602,280,0.47
1400000US,4013112602,1520,746,0.49
1400000US,4013112700,1337,534,0.4
1400000US,4013112900,1035,277,0.27
1400000US,4013113000,354,0,0
1400000US,4013113100,202,19,0.09
1400000US,4013113201,576,294,0.51
1400000US,4013113202,433,178,0.41
1400000US,4013113203,448,129,0.29
1400000US,4013113300,1001,644,0.64
1400000US,4013113400,0,0,0
1400000US,4013113501,910,330,0.36
1400000US,4013113502,672,291,0.43
1400000US,4013113601,886,284,0.32
1400000US,4013113602,840,423,0.5
1400000US,4013113700,1605,579,0.36
1400000US,4013113801,271,101,0.37
1400000US,4013113802,0,0,0
1400000US,4013113900,213,138,0.65
1400000US,4013114000,270,142,0.53
1400000US,4013114100,135,5,0.04
1400000US,4013114200,224,81,0.36
1400000US,4013114301,46,19,0.41
1400000US,4013114302,579,263,0.45
1400000US,4013114401,314,164,0.52
1400000US,4013114402,377,161,0.43
1400000US,4013114500,688,248,0.36
1400000US,4013114600,339,126,0.37
1400000US,4013114703,189,91,0.48
1400000US,4013114800,638,232,0.36
1400000US,4013114900,481,213,0.44
1400000US,4013115200,571,139,0.24
1400000US,4013115300,550,184,0.33
1400000US,4013115400,462,210,0.45
1400000US,4013115500,800,228,0.29
1400000US,4013115600,877,235,0.27
1400000US,4013115700,1411,338,0.24
1400000US,4013115801,868,300,0.35
1400000US,4013115802,692,262,0.38
1400000US,4013115900,1164,308,0.26
1400000US,4013116000,1128,279,0.25
1400000US,4013116100,800,303,0.38
1400000US,4013116202,1044,218,0.21
1400000US,4013116203,1224,184,0.15
1400000US,4013116204,707,119,0.17
1400000US,4013116205,908,280,0.31
1400000US,4013116300,1483,270,0.18
1400000US,4013116400,1123,287,0.26
1400000US,4013116500,1086,258,0.24
1400000US,4013116602,1802,512,0.28
1400000US,4013116603,1508,146,0.1
1400000US,4013116604,1107,203,0.18
1400000US,4013116605,1448,193,0.13
1400000US,4013116606,1476,209,0.14
1400000US,4013116607,650,96,0.15
1400000US,4013116608,1019,204,0.2
1400000US,4013116609,1127,50,0.04
1400000US,4013116610,1319,137,0.1
1400000US,4013116611,877,79,0.09
1400000US,4013116612,1283,61,0.05
1400000US,4013116613,1812,169,0.09
1400000US,4013116702,1719,370,0.22
1400000US,4013116703,1130,76,0.07
1400000US,4013116704,1975,48,0.02
1400000US,4013116707,832,31,0.04
1400000US,4013116708,1420,91,0.06
1400000US,4013116709,563,21,0.04
1400000US,4013116710,1565,43,0.03
1400000US,4013116711,543,39,0.07
1400000US,4013116712,1534,25,0.02
1400000US,4013116713,1446,36,0.02
1400000US,4013116714,1001,16,0.02
1400000US,4013116715,587,0,0
1400000US,4013116717,715,68,0.1
1400000US,4013116718,676,43,0.06
1400000US,4013116719,1850,14,0.01
1400000US,4013116720,998,74,0.07
1400000US,4013116721,891,20,0.02
1400000US,4013116725,1295,13,0.01
1400000US,4013116727,1089,15,0.01
1400000US,4013116728,1362,0,0
1400000US,4013116729,1252,0,0
1400000US,4013116730,537,18,0.03
1400000US,4013116731,814,19,0.02
1400000US,4013116732,975,210,0.22
1400000US,4013116733,92,4,0.04
1400000US,4013116800,575,197,0.34
1400000US,4013116900,424,173,0.41
1400000US,4013117000,1268,281,0.22
1400000US,4013117100,223,23,0.1
1400000US,4013117200,204,56,0.27
1400000US,4013117300,258,161,0.62
1400000US,4013216806,867,50,0.06
1400000US,4013216807,1635,73,0.04
1400000US,4013216809,1536,87,0.06
1400000US,4013216810,278,10,0.04
1400000US,4013216813,1259,30,0.02
1400000US,4013216816,1484,14,0.01
1400000US,4013216818,1852,98,0.05
1400000US,4013216819,2042,20,0.01
1400000US,4013216820,1381,109,0.08
1400000US,4013216821,2127,32,0.02
1400000US,4013216822,1467,26,0.02
1400000US,4013216826,924,46,0.05
1400000US,4013216829,1684,34,0.02
1400000US,4013216830,629,17,0.03
1400000US,4013216831,771,23,0.03
1400000US,4013216832,571,26,0.05
1400000US,4013216833,1462,92,0.06
1400000US,4013216834,654,23,0.04
1400000US,4013216835,613,39,0.06
1400000US,4013216836,1126,80,0.07
1400000US,4013216837,1232,65,0.05
1400000US,4013216838,1362,20,0.01
1400000US,4013216839,1118,15,0.01
1400000US,4013216840,1423,29,0.02
1400000US,4013216841,1023,37,0.04
1400000US,4013216842,1079,48,0.04
1400000US,4013216843,1211,26,0.02
1400000US,4013216844,1089,12,0.01
1400000US,4013216845,527,48,0.09
1400000US,4013216846,2059,106,0.05
1400000US,4013216847,1950,87,0.04
1400000US,4013216848,1959,102,0.05
1400000US,4013216849,2035,111,0.05
1400000US,4013216850,956,19,0.02
1400000US,4013216851,1259,26,0.02
1400000US,4013216852,650,11,0.02
1400000US,4013216853,1139,24,0.02
1400000US,4013216901,911,66,0.07
1400000US,4013216902,919,10,0.01
1400000US,4013217001,1114,31,0.03
1400000US,4013217002,1595,43,0.03
1400000US,4013217101,588,56,0.1
1400000US,4013217102,673,75,0.11
1400000US,4013217201,276,42,0.15
1400000US,4013217203,825,37,0.04
1400000US,4013217204,540,170,0.31
1400000US,4013217300,798,39,0.05
1400000US,4013217400,815,46,0.06
1400000US,4013217501,744,251,0.34
1400000US,4013217502,492,51,0.1
1400000US,4013217600,1058,113,0.11
1400000US,4013217700,989,68,0.07
1400000US,4013217800,1420,122,0.09
1400000US,4013217900,894,54,0.06
1400000US,4013218000,1377,138,0.1
1400000US,4013218100,457,59,0.13
1400000US,4013218200,1065,176,0.17
1400000US,4013218300,789,96,0.12
1400000US,4013318400,747,212,0.28
1400000US,4013318501,671,55,0.08
1400000US,4013318700,140,32,0.23
1400000US,4013318800,797,152,0.19
1400000US,4013318900,1030,106,0.1
1400000US,4013319000,276,10,0.04
1400000US,4013319101,189,60,0.32
1400000US,4013319103,422,138,0.33
1400000US,4013319104,816,168,0.21
1400000US,4013319201,1002,405,0.4
1400000US,4013319202,534,133,0.25
1400000US,4013319300,488,137,0.28
1400000US,4013319401,1327,149,0.11
1400000US,4013319402,1038,39,0.04
1400000US,4013319403,983,181,0.18
1400000US,4013319404,761,31,0.04
1400000US,4013319500,1116,115,0.1
1400000US,4013319600,1326,125,0.09
1400000US,4013319703,949,138,0.15
1400000US,4013319704,291,41,0.14
1400000US,4013319705,695,202,0.29
1400000US,4013319706,1074,211,0.2
1400000US,4013319800,1185,215,0.18
1400000US,4013319902,682,17,0.02
1400000US,4013319903,1567,47,0.03
1400000US,4013319904,1363,28,0.02
1400000US,4013319905,1279,81,0.06
1400000US,4013319906,849,16,0.02
1400000US,4013319907,641,4,0.01
1400000US,4013319908,573,60,0.1
1400000US,4013319909,737,47,0.06
1400000US,4013319910,1390,94,0.07
1400000US,4013320001,1683,149,0.09
1400000US,4013320002,1241,390,0.31
1400000US,4013320007,1440,182,0.13
1400000US,4013320100,309,8,0.03
1400000US,4013420104,1698,166,0.1
1400000US,4013420105,1621,69,0.04
1400000US,4013420107,1982,67,0.03
1400000US,4013420108,482,9,0.02
1400000US,4013420109,1258,20,0.02
1400000US,4013420110,1371,81,0.06
1400000US,4013420111,878,114,0.13
1400000US,4013420112,876,10,0.01
1400000US,4013420113,788,193,0.24
1400000US,4013420114,803,161,0.2
1400000US,4013420115,697,223,0.32
1400000US,4013420116,588,42,0.07
1400000US,4013420202,1367,33,0.02
1400000US,4013420206,1027,134,0.13
1400000US,4013420207,938,8,0.01
1400000US,4013420208,1306,136,0.1
1400000US,4013420209,1060,35,0.03
1400000US,4013420210,1382,163,0.12
1400000US,4013420211,1184,31,0.03
1400000US,4013420212,946,68,0.07
1400000US,4013420213,757,67,0.09
1400000US,4013420214,952,128,0.13
1400000US,4013420215,494,47,0.1
1400000US,4013420216,954,34,0.04
1400000US,4013420301,593,46,0.08
1400000US,4013420302,1229,83,0.07
1400000US,4013420303,1169,84,0.07
1400000US,4013420304,306,0,0
1400000US,4013420401,901,281,0.31
1400000US,4013420402,640,20,0.03
1400000US,4013420501,1511,312,0.21
1400000US,4013420503,771,211,0.27
1400000US,4013420504,852,27,0.03
1400000US,4013420602,1297,119,0.09
1400000US,4013420603,898,37,0.04
1400000US,4013420604,1062,49,0.05
1400000US,4013420704,1266,81,0.06
1400000US,4013420705,913,33,0.04
1400000US,4013420706,1151,94,0.08
1400000US,4013420707,655,79,0.12
1400000US,4013420708,953,177,0.19
1400000US,4013420709,937,106,0.11
1400000US,4013420710,809,118,0.15
1400000US,4013420800,1209,154,0.13
1400000US,4013420901,844,202,0.24
1400000US,4013420902,844,126,0.15
1400000US,4013421001,765,152,0.2
1400000US,4013421002,628,144,0.23
1400000US,4013421101,1010,106,0.1
1400000US,4013421102,1465,358,0.24
1400000US,4013421201,797,55,0.07
1400000US,4013421202,904,83,0.09
1400000US,4013421302,1234,352,0.29
1400000US,4013421303,1126,250,0.22
1400000US,4013421304,493,111,0.23
1400000US,4013421400,424,88,0.21
1400000US,4013421501,783,122,0.16
1400000US,4013421502,683,180,0.26
1400000US,4013421601,845,161,0.19
1400000US,4013421602,918,310,0.34
1400000US,4013421701,1038,157,0.15
1400000US,4013421702,912,223,0.24
1400000US,4013421801,566,89,0.16
1400000US,4013421802,1041,277,0.27
1400000US,4013421901,910,181,0.2
1400000US,4013421902,1369,521,0.38
1400000US,4013422001,925,382,0.41
1400000US,4013422002,721,188,0.26
1400000US,4013422102,1028,338,0.33
1400000US,4013422103,930,250,0.27
1400000US,4013422104,1052,277,0.26
1400000US,4013422105,836,224,0.27
1400000US,4013422106,1483,376,0.25
1400000US,4013422107,860,207,0.24
1400000US,4013422203,1006,127,0.13
1400000US,4013422204,667,31,0.05
1400000US,4013422205,361,2,0.01
1400000US,4013422209,1607,20,0.01
1400000US,4013422210,1362,120,0.09
1400000US,4013422211,651,69,0.11
1400000US,4013422212,1227,91,0.07
1400000US,4013422213,647,39,0.06
1400000US,4013422215,504,22,0.04
1400000US,4013422216,1353,80,0.06
1400000US,4013422217,918,112,0.12
1400000US,4013422218,642,31,0.05
1400000US,4013422219,633,93,0.15
1400000US,4013422220,515,34,0.07
1400000US,4013422221,937,74,0.08
1400000US,4013422222,609,37,0.06
1400000US,4013422301,1243,334,0.27
1400000US,4013422302,1047,81,0.08
1400000US,4013422304,525,35,0.07
1400000US,4013422305,1375,14,0.01
1400000US,4013422307,945,58,0.06
1400000US,4013422308,1218,13,0.01
1400000US,4013422309,1165,97,0.08
1400000US,4013422401,641,39,0.06
1400000US,4013422402,1343,205,0.15
1400000US,4013422403,1237,38,0.03
1400000US,4013422404,1082,18,0.02
1400000US,4013422501,1353,71,0.05
1400000US,4013422502,1367,124,0.09
1400000US,4013422503,1549,193,0.12
1400000US,4013422504,1196,139,0.12
1400000US,4013422506,1272,33,0.03
1400000US,4013422507,1154,37,0.03
1400000US,4013422508,859,63,0.07
1400000US,4013422509,1379,134,0.1
1400000US,4013422510,870,76,0.09
1400000US,4013422511,748,17,0.02
1400000US,4013422512,1179,43,0.04
1400000US,4013422513,1073,76,0.07
1400000US,4013422514,1099,99,0.09
1400000US,4013422606,2724,80,0.03
1400000US,4013422607,1218,39,0.03
1400000US,4013422609,1049,67,0.06
1400000US,4013422610,830,53,0.06
1400000US,4013422615,2111,70,0.03
1400000US,4013422616,1208,68,0.06
1400000US,4013422617,1487,82,0.06
1400000US,4013422618,967,16,0.02
1400000US,4013422620,787,21,0.03
1400000US,4013422621,1129,98,0.09
1400000US,4013422622,1071,36,0.03
1400000US,4013422623,1513,164,0.11
1400000US,4013422624,850,67,0.08
1400000US,4013422625,798,46,0.06
1400000US,4013422626,856,66,0.08
1400000US,4013422627,779,44,0.06
1400000US,4013422628,713,133,0.19
1400000US,4013422629,942,38,0.04
1400000US,4013422630,1427,272,0.19
1400000US,4013422631,1161,104,0.09
1400000US,4013422632,1082,84,0.08
1400000US,4013422633,872,90,0.1
1400000US,4013422634,1235,238,0.19
1400000US,4013422635,605,39,0.06
1400000US,4013422636,589,15,0.03
1400000US,4013422637,944,44,0.05
1400000US,4013422638,1021,118,0.12
1400000US,4013422639,1110,44,0.04
1400000US,4013422640,1258,122,0.1
1400000US,4013422641,1754,193,0.11
1400000US,4013422642,1417,43,0.03
1400000US,4013422643,1647,77,0.05
1400000US,4013422644,2594,150,0.06
1400000US,4013422646,2783,77,0.03
1400000US,4013522800,169,32,0.19
1400000US,4013522901,1127,83,0.07
1400000US,4013522903,1074,230,0.21
1400000US,4013522904,1010,336,0.33
1400000US,4013523002,1280,275,0.21
1400000US,4013523003,1388,154,0.11
1400000US,4013523005,1202,48,0.04
1400000US,4013523006,1415,122,0.09
1400000US,4013523102,1165,329,0.28
1400000US,4013523103,1252,74,0.06
1400000US,4013523104,1307,196,0.15
1400000US,4013610000,1875,16,0.01
1400000US,4013610100,207,0,0
1400000US,4013610200,2440,75,0.03
1400000US,4013610300,2516,116,0.05
1400000US,4013610400,1485,23,0.02
1400000US,4013610500,1865,86,0.05
1400000US,4013610600,1583,8,0.01
1400000US,4013610700,2025,68,0.03
1400000US,4013610800,1251,0,0
1400000US,4013610900,2182,16,0.01
1400000US,4013611000,681,0,0
1400000US,4013611100,821,16,0.02
1400000US,4013611200,1422,8,0.01
1400000US,4013611300,1337,51,0.04
1400000US,4013611400,1814,37,0.02
1400000US,4013611500,1918,13,0.01
1400000US,4013611600,914,21,0.02
1400000US,4013611700,1730,80,0.05
1400000US,4013611800,1683,0,0
1400000US,4013611900,679,4,0.01
1400000US,4013612000,905,0,0
1400000US,4013612200,1315,60,0.05
1400000US,4013612300,2066,62,0.03
1400000US,4013612400,1931,14,0.01
1400000US,4013612500,1264,19,0.02
1400000US,4013612600,694,21,0.03
1400000US,4013612700,657,0,0
1400000US,4013612800,574,50,0.09
1400000US,4013612900,737,28,0.04
1400000US,4013613000,1465,68,0.05
1400000US,4013613100,1047,112,0.11
1400000US,4013613200,1207,168,0.14
1400000US,4013613300,2166,159,0.07
1400000US,4013613400,963,44,0.05
1400000US,4013613500,1081,61,0.06
1400000US,4013613600,1414,78,0.06
1400000US,4013613700,1452,39,0.03
1400000US,4013613800,1024,0,0
1400000US,4013613900,1599,55,0.03
1400000US,4013614000,1149,16,0.01
1400000US,4013614100,1866,57,0.03
1400000US,4013614200,1279,26,0.02
1400000US,4013614300,996,55,0.06
1400000US,4013614400,968,148,0.15
1400000US,4013614500,1031,46,0.04
1400000US,4013614600,1348,126,0.09
1400000US,4013614700,506,185,0.37
1400000US,4013614800,948,53,0.06
1400000US,4013614900,1069,20,0.02
1400000US,4013615000,2365,108,0.05
1400000US,4013615100,1116,64,0.06
1400000US,4013615200,1657,15,0.01
1400000US,4013615300,674,17,0.03
1400000US,4013615400,851,54,0.06
1400000US,4013615500,865,9,0.01
1400000US,4013615600,965,87,0.09
1400000US,4013615700,780,12,0.02
1400000US,4013615800,1286,17,0.01
1400000US,4013615900,1118,84,0.08
1400000US,4013616000,427,5,0.01
1400000US,4013616100,841,27,0.03
1400000US,4013616200,774,20,0.03
1400000US,4013616300,571,39,0.07
1400000US,4013616400,1598,122,0.08
1400000US,4013616500,760,36,0.05
1400000US,4013616600,1338,73,0.05
1400000US,4013616700,1036,54,0.05
1400000US,4013616800,1331,120,0.09
1400000US,4013616900,1048,36,0.03
1400000US,4013617000,1398,137,0.1
1400000US,4013617100,567,5,0.01
1400000US,4013617200,794,9,0.01
1400000US,4013617300,799,16,0.02
1400000US,4013617400,2037,166,0.08
1400000US,4013617500,1192,63,0.05
1400000US,4013617600,1490,161,0.11
1400000US,4013617700,804,28,0.03
1400000US,4013617800,717,15,0.02
1400000US,4013617900,705,38,0.05
1400000US,4013618000,1230,100,0.08
1400000US,4013618100,1257,28,0.02
1400000US,4013618200,1025,108,0.11
1400000US,4013618300,786,33,0.04
1400000US,4013618400,832,121,0.15
1400000US,4013618500,986,42,0.04
1400000US,4013618600,1065,108,0.1
1400000US,4013618700,682,94,0.14
1400000US,4013618800,1012,182,0.18
1400000US,4013618900,1554,77,0.05
1400000US,4013619000,774,29,0.04
1400000US,4013619100,726,215,0.3
1400000US,4013619200,1145,289,0.25
1400000US,4013619300,941,152,0.16
1400000US,4013619400,1022,122,0.12
1400000US,4013619500,1219,162,0.13
1400000US,4013619600,473,28,0.06
1400000US,4013619700,901,45,0.05
1400000US,4013619800,1276,84,0.07
1400000US,4013619900,1581,0,0
1400000US,4013723303,12,0,0
1400000US,4013723304,1325,129,0.1
1400000US,4013723305,596,190,0.32
1400000US,4013723306,20,5,0.25
1400000US,4013723307,640,4,0.01
1400000US,4013723308,2313,140,0.06
1400000US,4013810000,554,0,0
1400000US,4013810100,1842,33,0.02
1400000US,4013810200,919,44,0.05
1400000US,4013810300,1300,84,0.06
1400000US,4013810400,1155,106,0.09
1400000US,4013810500,1477,26,0.02
1400000US,4013810600,1727,0,0
1400000US,4013810700,1747,112,0.06
1400000US,4013810800,964,48,0.05
1400000US,4013810900,1251,67,0.05
1400000US,4013811000,777,3,0
1400000US,4013811100,623,42,0.07
1400000US,4013811200,642,47,0.07
1400000US,4013811300,743,43,0.06
1400000US,4013811400,1452,7,0
1400000US,4013811500,712,20,0.03
1400000US,4013811600,1067,20,0.02
1400000US,4013811700,1027,33,0.03
1400000US,4013811800,571,4,0.01
1400000US,4013811900,1495,0,0
1400000US,4013812000,1109,130,0.12
1400000US,4013812100,1549,31,0.02
1400000US,4013812200,1695,67,0.04
1400000US,4013812300,1190,40,0.03
1400000US,4013812400,994,48,0.05
1400000US,4013812500,603,26,0.04
1400000US,4013812600,1381,30,0.02
1400000US,4013812700,1654,171,0.1
1400000US,4013812800,1322,55,0.04
1400000US,4013812900,675,37,0.05
1400000US,4013813000,1465,0,0
1400000US,4013813100,721,3,0
1400000US,4013813200,961,0,0
1400000US,4013813300,1460,8,0.01
1400000US,4013813400,977,67,0.07
1400000US,4013813500,759,38,0.05
1400000US,4013813600,1006,15,0.01
1400000US,4013813700,990,62,0.06
1400000US,4013813800,667,22,0.03
1400000US,4013813900,1419,89,0.06
1400000US,4013814000,800,45,0.06
1400000US,4013814100,1325,28,0.02
1400000US,4013814200,690,16,0.02
1400000US,4013814300,906,28,0.03
1400000US,4013814400,1193,7,0.01
1400000US,4013814500,1396,24,0.02
1400000US,4013814600,1199,75,0.06
1400000US,4013814700,1079,60,0.06
1400000US,4013814800,1830,147,0.08
1400000US,4013814900,684,11,0.02
1400000US,4013815000,931,5,0.01
1400000US,4013815100,1182,24,0.02
1400000US,4013815200,2265,97,0.04
1400000US,4013815300,1024,15,0.01
1400000US,4013815400,2018,99,0.05
1400000US,4013815500,1383,54,0.04
1400000US,4013815600,1392,19,0.01
1400000US,4013815700,1318,26,0.02
1400000US,4013815800,1467,41,0.03
1400000US,4013815900,2355,37,0.02
1400000US,4013816000,3719,232,0.06
1400000US,4013816100,1703,21,0.01
1400000US,4013816200,924,26,0.03
1400000US,4013816300,1759,37,0.02
1400000US,4013816400,2140,121,0.06
1400000US,4013816500,1002,40,0.04
1400000US,4013816600,1169,48,0.04
1400000US,4013816700,526,35,0.07
1400000US,4013816800,1079,14,0.01
1400000US,4013816900,1326,63,0.05
1400000US,4013817000,920,67,0.07
1400000US,4013817100,2324,319,0.14
1400000US,4013817200,1813,113,0.06
1400000US,4013817300,2117,95,0.04
1400000US,4013817400,925,17,0.02
1400000US,4013817500,1050,26,0.02
1400000US,4013817600,358,87,0.24
1400000US,4013940700,15,0,0
1400000US,4013941000,639,243,0.38
1400000US,4013941100,4,0,0
1400000US,4013941200,246,66,0.27
1400000US,4013941300,1622,398,0.25
1400000US,4013980100,0,0,0
1400000US,4013980400,0,0,0
1400000US,4013980500,0,0,0
1400000US,4013980600,431,0,0
1400000US,4013980700,0,0,0
1400000US,4015940400,283,93,0.33
1400000US,4015940501,776,51,0.07
1400000US,4015950100,1967,496,0.25
1400000US,4015950401,563,239,0.42
1400000US,4015950402,1207,129,0.11
1400000US,4015950500,438,90,0.21
1400000US,4015950600,2353,269,0.11
1400000US,4015950703,1018,243,0.24
1400000US,4015950704,1871,189,0.1
1400000US,4015950705,993,169,0.17
1400000US,4015950706,949,380,0.4
1400000US,4015951401,1221,108,0.09
1400000US,4015951402,966,100,0.1
1400000US,4015951501,875,122,0.14
1400000US,4015951502,1375,56,0.04
1400000US,4015951601,771,160,0.21
1400000US,4015951602,997,102,0.1
1400000US,4015951700,1421,223,0.16
1400000US,4015951800,808,180,0.22
1400000US,4015951900,1187,160,0.13
1400000US,4015952001,508,27,0.05
1400000US,4015952002,2195,104,0.05
1400000US,4015952003,1428,144,0.1
1400000US,4015952004,918,86,0.09
1400000US,4015952400,949,143,0.15
1400000US,4015952500,1442,86,0.06
1400000US,4015952600,820,104,0.13
1400000US,4015952700,1573,150,0.1
1400000US,4015952800,2004,72,0.04
1400000US,4015952900,1499,228,0.15
1400000US,4015953000,1578,144,0.09
1400000US,4015953100,825,23,0.03
1400000US,4015953200,818,18,0.02
1400000US,4015953300,1774,59,0.03
1400000US,4015953401,1281,27,0.02
1400000US,4015953402,1536,179,0.12
1400000US,4015953601,2323,171,0.07
1400000US,4015953602,386,93,0.24
1400000US,4015953800,1453,161,0.11
1400000US,4015953900,1775,318,0.18
1400000US,4015954800,1647,267,0.16
1400000US,4015954900,1072,139,0.13
1400000US,4015955000,1286,256,0.2
1400000US,4017940008,232,72,0.31
1400000US,4017940010,487,224,0.46
1400000US,4017940011,498,169,0.34
1400000US,4017940012,613,157,0.26
1400000US,4017940013,938,367,0.39
1400000US,4017940014,591,269,0.46
1400000US,4017940015,881,327,0.37
1400000US,4017940100,923,376,0.41
1400000US,4017940301,805,307,0.38
1400000US,4017940302,540,212,0.39
1400000US,4017942300,429,161,0.38
1400000US,4017942400,491,228,0.46
1400000US,4017942500,874,344,0.39
1400000US,4017960100,391,62,0.16
1400000US,4017960200,788,140,0.18
1400000US,4017960400,791,165,0.21
1400000US,4017960500,709,167,0.24
1400000US,4017960600,952,330,0.35
1400000US,4017961300,783,137,0.17
1400000US,4017961700,1592,354,0.22
1400000US,4017962500,1042,81,0.08
1400000US,4017963300,1146,92,0.08
1400000US,4017963400,747,88,0.12
1400000US,4017963700,539,98,0.18
1400000US,4017963800,1153,82,0.07
1400000US,4017964201,411,26,0.06
1400000US,4017964202,411,30,0.07
1400000US,4017964800,1246,164,0.13
1400000US,4017964900,710,40,0.06
1400000US,4017965200,1381,282,0.2
1400000US,4017965300,1300,220,0.17
1400000US,4019000100,114,5,0.04
1400000US,4019000200,945,347,0.37
1400000US,4019000300,266,43,0.16
1400000US,4019000400,418,73,0.17
1400000US,4019000500,256,68,0.27
1400000US,4019000600,1067,0,0
1400000US,4019000700,1036,106,0.1
1400000US,4019000800,354,78,0.22
1400000US,4019000900,506,117,0.23
1400000US,4019001000,232,71,0.31
1400000US,4019001100,611,170,0.28
1400000US,4019001200,859,225,0.26
1400000US,4019001302,363,135,0.37
1400000US,4019001303,560,178,0.32
1400000US,4019001304,1054,480,0.46
1400000US,4019001400,666,92,0.14
1400000US,4019001500,649,71,0.11
1400000US,4019001600,818,38,0.05
1400000US,4019001700,552,21,0.04
1400000US,4019001801,1018,241,0.24
1400000US,4019001802,478,120,0.25
1400000US,4019001900,897,81,0.09
1400000US,4019002000,1525,90,0.06
1400000US,4019002100,1241,372,0.3
1400000US,4019002201,855,307,0.36
1400000US,4019002202,723,274,0.38
1400000US,4019002300,1193,429,0.36
1400000US,4019002400,1289,459,0.36
1400000US,4019002501,846,116,0.14
1400000US,4019002503,859,201,0.23
1400000US,4019002504,1474,479,0.32
1400000US,4019002505,1631,486,0.3
1400000US,4019002506,1928,509,0.26
1400000US,4019002602,760,178,0.23
1400000US,4019002603,710,387,0.55
1400000US,4019002604,534,228,0.43
1400000US,4019002702,865,69,0.08
1400000US,4019002703,638,89,0.14
1400000US,4019002704,448,63,0.14
1400000US,4019002801,259,76,0.29
1400000US,4019002802,721,267,0.37
1400000US,4019002803,421,68,0.16
1400000US,4019002901,1217,235,0.19
1400000US,4019002904,696,75,0.11
1400000US,4019002905,821,171,0.21
1400000US,4019002906,599,42,0.07
1400000US,4019003002,1009,318,0.32
1400000US,4019003003,885,148,0.17
1400000US,4019003004,362,9,0.02
1400000US,4019003101,1127,494,0.44
1400000US,4019003102,770,117,0.15
1400000US,4019003200,1461,279,0.19
1400000US,4019003302,1022,69,0.07
1400000US,4019003303,842,54,0.06
1400000US,4019003304,699,120,0.17
1400000US,4019003400,1364,102,0.07
1400000US,4019003501,1944,711,0.37
1400000US,4019003502,943,261,0.28
1400000US,4019003503,1038,202,0.19
1400000US,4019003504,669,97,0.14
1400000US,4019003600,1312,172,0.13
1400000US,4019003702,1486,432,0.29
1400000US,4019003704,1207,340,0.28
1400000US,4019003705,1394,480,0.34
1400000US,4019003706,1208,334,0.28
1400000US,4019003707,813,248,0.31
1400000US,4019003801,744,250,0.34
1400000US,4019003802,1271,333,0.26
1400000US,4019003901,453,84,0.19
1400000US,4019003902,727,197,0.27
1400000US,4019003903,753,108,0.14
1400000US,4019004008,1131,95,0.08
1400000US,4019004010,772,106,0.14
1400000US,4019004011,1968,298,0.15
1400000US,4019004022,1714,146,0.09
1400000US,4019004025,2048,145,0.07
1400000US,4019004026,1393,79,0.06
1400000US,4019004029,1197,128,0.11
1400000US,4019004030,514,15,0.03
1400000US,4019004031,877,54,0.06
1400000US,4019004032,895,154,0.17
1400000US,4019004033,985,285,0.29
1400000US,4019004034,951,248,0.26
1400000US,4019004035,1069,177,0.17
1400000US,4019004036,757,93,0.12
1400000US,4019004037,761,96,0.13
1400000US,4019004038,581,41,0.07
1400000US,4019004039,526,96,0.18
1400000US,4019004042,1218,34,0.03
1400000US,4019004043,1191,9,0.01
1400000US,4019004044,1182,71,0.06
1400000US,4019004046,1184,34,0.03
1400000US,4019004047,767,16,0.02
1400000US,4019004048,1116,32,0.03
1400000US,4019004049,602,42,0.07
1400000US,4019004050,579,5,0.01
1400000US,4019004051,1615,51,0.03
1400000US,4019004052,646,19,0.03
1400000US,4019004053,965,50,0.05
1400000US,4019004054,580,27,0.05
1400000US,4019004055,1036,37,0.04
1400000US,4019004056,483,45,0.09
1400000US,4019004057,1211,46,0.04
1400000US,4019004058,1033,129,0.12
1400000US,4019004061,1422,162,0.11
1400000US,4019004062,1596,112,0.07
1400000US,4019004063,1567,35,0.02
1400000US,4019004064,2680,158,0.06
1400000US,4019004065,1038,40,0.04
1400000US,4019004066,752,24,0.03
1400000US,4019004067,590,69,0.12
1400000US,4019004068,1108,176,0.16
1400000US,4019004069,837,136,0.16
1400000US,4019004070,700,106,0.15
1400000US,4019004071,983,158,0.16
1400000US,4019004072,632,134,0.21
1400000US,4019004073,1174,54,0.05
1400000US,4019004074,565,17,0.03
1400000US,4019004107,3020,37,0.01
1400000US,4019004109,1537,49,0.03
1400000US,4019004110,829,76,0.09
1400000US,4019004112,635,139,0.22
1400000US,4019004113,0,0,0
1400000US,4019004114,1144,351,0.31
1400000US,4019004115,1627,503,0.31
1400000US,4019004116,563,157,0.28
1400000US,4019004117,1505,364,0.24
1400000US,4019004118,1188,77,0.06
1400000US,4019004119,2492,111,0.04
1400000US,4019004120,327,24,0.07
1400000US,4019004121,1786,126,0.07
1400000US,4019004122,916,391,0.43
1400000US,4019004125,1656,111,0.07
1400000US,4019004307,898,19,0.02
1400000US,4019004310,566,100,0.18
1400000US,4019004311,1074,55,0.05
1400000US,4019004312,1526,350,0.23
1400000US,4019004313,1256,216,0.17
1400000US,4019004316,831,101,0.12
1400000US,4019004317,805,55,0.07
1400000US,4019004320,576,191,0.33
1400000US,4019004321,1186,151,0.13
1400000US,4019004322,1746,271,0.16
1400000US,4019004323,936,59,0.06
1400000US,4019004324,1057,36,0.03
1400000US,4019004325,716,11,0.02
1400000US,4019004326,840,82,0.1
1400000US,4019004327,1341,111,0.08
1400000US,4019004328,1218,50,0.04
1400000US,4019004329,2833,62,0.02
1400000US,4019004330,586,17,0.03
1400000US,4019004331,1245,85,0.07
1400000US,4019004332,506,21,0.04
1400000US,4019004333,1041,56,0.05
1400000US,4019004334,2414,213,0.09
1400000US,4019004404,892,24,0.03
1400000US,4019004407,1433,309,0.22
1400000US,4019004411,1581,56,0.04
1400000US,4019004412,684,33,0.05
1400000US,4019004413,819,19,0.02
1400000US,4019004414,698,130,0.19
1400000US,4019004415,357,22,0.06
1400000US,4019004418,976,18,0.02
1400000US,4019004419,1357,187,0.14
1400000US,4019004421,2098,258,0.12
1400000US,4019004422,1367,67,0.05
1400000US,4019004423,1200,99,0.08
1400000US,4019004424,957,163,0.17
1400000US,4019004425,1526,121,0.08
1400000US,4019004426,734,17,0.02
1400000US,4019004427,2600,79,0.03
1400000US,4019004428,1054,36,0.03
1400000US,4019004429,2008,138,0.07
1400000US,4019004430,516,80,0.16
1400000US,4019004431,1117,105,0.09
1400000US,4019004504,1472,331,0.22
1400000US,4019004505,948,294,0.31
1400000US,4019004506,1216,228,0.19
1400000US,4019004508,1013,176,0.17
1400000US,4019004510,474,156,0.33
1400000US,4019004511,1012,294,0.29
1400000US,4019004512,1062,253,0.24
1400000US,4019004513,803,154,0.19
1400000US,4019004610,1662,170,0.1
1400000US,4019004613,963,46,0.05
1400000US,4019004614,836,7,0.01
1400000US,4019004615,750,9,0.01
1400000US,4019004616,933,91,0.1
1400000US,4019004617,476,71,0.15
1400000US,4019004618,749,25,0.03
1400000US,4019004619,875,30,0.03
1400000US,4019004620,426,48,0.11
1400000US,4019004621,449,15,0.03
1400000US,4019004622,911,56,0.06
1400000US,4019004623,1514,17,0.01
1400000US,4019004624,1622,138,0.09
1400000US,4019004625,444,9,0.02
1400000US,4019004626,853,203,0.24
1400000US,4019004627,756,97,0.13
1400000US,4019004628,368,23,0.06
1400000US,4019004630,649,79,0.12
1400000US,4019004631,978,19,0.02
1400000US,4019004632,772,0,0
1400000US,4019004633,770,45,0.06
1400000US,4019004634,312,19,0.06
1400000US,4019004635,1667,83,0.05
1400000US,4019004636,2211,49,0.02
1400000US,4019004638,3704,149,0.04
1400000US,4019004639,1160,56,0.05
1400000US,4019004640,1544,48,0.03
1400000US,4019004641,1173,37,0.03
1400000US,4019004642,1188,19,0.02
1400000US,4019004643,1543,46,0.03
1400000US,4019004644,779,52,0.07
1400000US,4019004645,1346,89,0.07
1400000US,4019004646,1111,93,0.08
1400000US,4019004647,993,27,0.03
1400000US,4019004710,595,26,0.04
1400000US,4019004711,1217,60,0.05
1400000US,4019004712,903,128,0.14
1400000US,4019004713,1191,49,0.04
1400000US,4019004714,1580,22,0.01
1400000US,4019004715,1188,104,0.09
1400000US,4019004716,1733,68,0.04
1400000US,4019004717,610,30,0.05
1400000US,4019004718,560,8,0.01
1400000US,4019004719,1590,14,0.01
1400000US,4019004720,432,17,0.04
1400000US,4019004721,830,35,0.04
1400000US,4019004722,667,15,0.02
1400000US,4019004723,1404,45,0.03
1400000US,4019004724,805,36,0.04
1400000US,4019004725,692,83,0.12
1400000US,4019004726,1121,8,0.01
1400000US,4019005200,905,190,0.21
1400000US,4019005300,979,21,0.02
1400000US,4019940600,215,75,0.35
1400000US,4019940700,280,160,0.57
1400000US,4019940800,840,383,0.46
1400000US,4019940900,530,124,0.23
1400000US,4019941000,747,298,0.4
1400000US,4021000201,1521,120,0.08
1400000US,4021000204,2162,170,0.08
1400000US,4021000205,4193,290,0.07
1400000US,4021000206,1075,114,0.11
1400000US,4021000207,2543,186,0.07
1400000US,4021000208,537,34,0.06
1400000US,4021000209,2593,164,0.06
1400000US,4021000210,1852,101,0.05
1400000US,4021000211,1143,168,0.15
1400000US,4021000212,1315,171,0.13
1400000US,4021000213,2788,203,0.07
1400000US,4021000214,2279,159,0.07
1400000US,4021000215,526,12,0.02
1400000US,4021000307,666,61,0.09
1400000US,4021000308,1207,234,0.19
1400000US,4021000309,809,79,0.1
1400000US,4021000310,865,110,0.13
1400000US,4021000311,897,26,0.03
1400000US,4021000312,1003,164,0.16
1400000US,4021000313,1260,165,0.13
1400000US,4021000314,1480,307,0.21
1400000US,4021000315,1168,266,0.23
1400000US,4021000316,2758,74,0.03
1400000US,4021000317,811,9,0.01
1400000US,4021000318,1895,125,0.07
1400000US,4021000319,587,47,0.08
1400000US,4021000400,647,52,0.08
1400000US,4021000603,2099,109,0.05
1400000US,4021000604,1863,14,0.01
1400000US,4021000700,857,150,0.18
1400000US,4021000801,3209,166,0.05
1400000US,4021000802,1357,69,0.05
1400000US,4021000803,231,36,0.16
1400000US,4021000901,272,63,0.23
1400000US,4021000902,570,88,0.15
1400000US,4021001000,985,311,0.32
1400000US,4021001100,1600,171,0.11
1400000US,4021001200,1227,191,0.16
1400000US,4021001301,1828,310,0.17
1400000US,4021001303,466,50,0.11
1400000US,4021001304,2196,148,0.07
1400000US,4021001305,1518,131,0.09
1400000US,4021001306,1185,290,0.24
1400000US,4021001403,1206,174,0.14
1400000US,4021001404,1037,106,0.1
1400000US,4021001405,1248,107,0.09
1400000US,4021001406,1022,357,0.35
1400000US,4021001407,585,102,0.17
1400000US,4021001408,795,21,0.03
1400000US,4021001500,787,331,0.42
1400000US,4021001600,1369,165,0.12
1400000US,4021001701,243,55,0.23
1400000US,4021001702,584,88,0.15
1400000US,4021001703,488,61,0.13
1400000US,4021001704,1499,79,0.05
1400000US,4021001705,1594,144,0.09
1400000US,4021001706,1019,79,0.08
1400000US,4021001707,1161,52,0.04
1400000US,4021001708,1773,68,0.04
1400000US,4021001709,915,41,0.04
1400000US,4021001710,1143,47,0.04
1400000US,4021001711,677,7,0.01
1400000US,4021001900,543,128,0.24
1400000US,4021002001,894,172,0.19
1400000US,4021002002,169,42,0.25
1400000US,4021002003,829,262,0.32
1400000US,4021002101,1890,316,0.17
1400000US,4021002102,264,53,0.2
1400000US,4021002103,1503,219,0.15
1400000US,4021002200,1282,83,0.06
1400000US,4021002300,609,70,0.11
1400000US,4021002400,483,71,0.15
1400000US,4021941200,1085,435,0.4
1400000US,4021941300,326,168,0.52
1400000US,4021941400,1856,347,0.19
1400000US,4023966000,915,103,0.11
1400000US,4023966101,814,39,0.05
1400000US,4023966103,269,75,0.28
1400000US,4023966104,2421,306,0.13
1400000US,4023966105,2626,375,0.14
1400000US,4023966200,1130,282,0.25
1400000US,4023966301,1172,221,0.19
1400000US,4023966302,749,336,0.45
1400000US,4023966401,726,130,0.18
1400000US,4023966402,963,337,0.35
1400000US,4025000202,2285,146,0.06
1400000US,4025000203,1724,94,0.05
1400000US,4025000204,1611,236,0.15
1400000US,4025000300,1422,82,0.06
1400000US,4025000401,1610,105,0.07
1400000US,4025000402,1542,99,0.06
1400000US,4025000500,1568,141,0.09
1400000US,4025000604,1340,89,0.07
1400000US,4025000605,2709,330,0.12
1400000US,4025000606,1677,243,0.14
1400000US,4025000607,2056,181,0.09
1400000US,4025000608,998,69,0.07
1400000US,4025000609,1125,159,0.14
1400000US,4025000610,1149,208,0.18
1400000US,4025000700,1156,141,0.12
1400000US,4025000801,865,14,0.02
1400000US,4025000802,1094,70,0.06
1400000US,4025000900,858,175,0.2
1400000US,4025001001,1383,97,0.07
1400000US,4025001002,848,33,0.04
1400000US,4025001101,1256,127,0.1
1400000US,4025001102,1163,41,0.04
1400000US,4025001200,2047,82,0.04
1400000US,4025001300,500,0,0
1400000US,4025001401,720,131,0.18
1400000US,4025001402,775,104,0.13
1400000US,4025001403,1126,118,0.1
1400000US,4025001500,1992,170,0.09
1400000US,4025001601,1251,298,0.24
1400000US,4025001602,1111,198,0.18
1400000US,4025001603,1715,223,0.13
1400000US,4025001701,1830,29,0.02
1400000US,4025001702,1365,35,0.03
1400000US,4025001703,853,42,0.05
1400000US,4025001801,863,63,0.07
1400000US,4025001802,1430,62,0.04
1400000US,4025001900,4013,127,0.03
1400000US,4025002001,1006,128,0.13
1400000US,4025002002,1286,222,0.17
1400000US,4025002003,1265,259,0.2
1400000US,4025002004,2444,298,0.12
1400000US,4025002100,770,180,0.23
1400000US,4027000100,393,124,0.32
1400000US,4027000200,841,196,0.23
1400000US,4027000301,889,299,0.34
1400000US,4027000302,1176,480,0.41
1400000US,4027000402,798,181,0.23
1400000US,4027000403,453,110,0.24
1400000US,4027000404,737,216,0.29
1400000US,4027000501,880,61,0.07
1400000US,4027000502,934,20,0.02
1400000US,4027000600,1294,134,0.1
1400000US,4027000700,962,345,0.36
1400000US,4027000800,1338,226,0.17
1400000US,4027000901,870,139,0.16
1400000US,4027000902,812,164,0.2
1400000US,4027000903,861,28,0.03
1400000US,4027000905,2170,159,0.07
1400000US,4027000907,1864,314,0.17
1400000US,4027000908,834,81,0.1
1400000US,4027001001,667,71,0.11
1400000US,4027001003,246,36,0.15
1400000US,4027001004,581,185,0.32
1400000US,4027001100,1288,184,0.14
1400000US,4027001200,889,49,0.06
1400000US,4027010905,913,200,0.22
1400000US,4027010907,1442,105,0.07
1400000US,4027010910,426,63,0.15
1400000US,4027010911,1499,112,0.07
1400000US,4027010913,337,45,0.13
1400000US,4027010914,192,37,0.19
1400000US,4027011000,675,192,0.28
1400000US,4027011104,1165,174,0.15
1400000US,4027011106,1901,199,0.1
1400000US,4027011107,556,5,0.01
1400000US,4027011108,1231,43,0.03
1400000US,4027011110,1050,97,0.09
1400000US,4027011111,986,107,0.11
1400000US,4027011112,761,16,0.02
1400000US,4027011114,803,70,0.09
1400000US,4027011115,1076,41,0.04
1400000US,4027011201,1291,194,0.15
1400000US,4027011202,463,51,0.11
1400000US,4027011403,1207,294,0.24
1400000US,4027011405,1298,315,0.24
1400000US,4027011406,2407,652,0.27
1400000US,4027011501,670,231,0.34
1400000US,4027011503,1387,400,0.29
1400000US,4027011504,2456,604,0.25
1400000US,4027011600,2374,556,0.23
1400000US,4027011700,431,34,0.08
1400000US,4027011800,1748,357,0.2
1400000US,4027012100,279,11,0.04
1400000US,4027980003,0,0,0
1400000US,4027980004,0,0,0
1400000US,4027980005,0,0,0
1400000US,4027980006,868,62,0.07
